{"noiseKey":{"private":{"type":"Buffer","data":"QKqz7Ezmrk8zKYvpWMEfjXtCt8K4W6gM9GKEUWjbnlM="},"public":{"type":"Buffer","data":"L7R+ftJpOsFZYNYwhhrEoooLy8vWhrnhIJZpt+M02mY="}},"pairingEphemeralKeyPair":{"private":{"type":"Buffer","data":"wKsy52ZIlsH+gyxC+buwhOQ/dkCs8vk4UmGvXNvjDWI="},"public":{"type":"Buffer","data":"qCuA/AIGwhx/R0NOyd3UhcyjD1ZRLCGeHB0sS5EBc3w="}},"signedIdentityKey":{"private":{"type":"Buffer","data":"yGRGquEgW7SYRc90kaKAKOW+HqGaDHoI6fCkWH3a/mM="},"public":{"type":"Buffer","data":"KM03WV67hjF8yJKMYpThqFSvzZfTTAIuvBlFTr2aUhU="}},"signedPreKey":{"keyPair":{"private":{"type":"Buffer","data":"KGnXTZ+MAlKqrd1mF7fynxdu8hPY9RKP7z9f/GKqPkE="},"public":{"type":"Buffer","data":"JhkGu5ld0YC+u1L3vJ7YijuBHjHVODFBro61uNO27ho="}},"signature":{"type":"Buffer","data":"KLwzc6nVEXzmonW6URjlT+Hdf51Ynt3WsQlOfaie9WFM7UWlQr67Tvir3dtzQdO7P9PA8QmiOKTpUzroEc13hA=="},"keyId":1},"registrationId":218,"advSecretKey":"A+xEMrKmNqo7kj/wGVs+m5H5jZDhBlEn3g3mAtUnzAQ=","processedHistoryMessages":[],"nextPreKeyId":31,"firstUnuploadedPreKeyId":31,"accountSyncCounter":0,"accountSettings":{"unarchiveChats":false},"registered":true,"pairingCode":"QH2STR45","me":{"id":"93700495877:5@s.whatsapp.net"},"account":{"details":"CJXRz68FEI7Z/cgGGAIgACgA","accountSignatureKey":"+M+X3LRzkGBle04Ry2x/1ZHHqylXTfz9B3TNFCRed2M=","accountSignature":"Nveje343sM2YbMnoqxH69AUBz1/fJD/2fFDJf7JUx69+Wu/Gu0zjXx0sFg/7h0NyUDMDbdgvceP51RdLoBJSBQ==","deviceSignature":"fyHnm6tMiIGrVfMOpI19YHKsdeYE7LhpwKA4SN+CW2wZC5CNenMH1DSvswqYfFBx4TS5p8SLILWRaWC0ZoD4jg=="},"signalIdentities":[{"identifier":{"name":"93700495877:5@s.whatsapp.net","deviceId":0},"identifierKey":{"type":"Buffer","data":"BfjPl9y0c5BgZXtOEctsf9WRx6spV038/Qd0zRQkXndj"}}],"platform":"android","routingInfo":{"type":"Buffer","data":"CA0IBQgC"},"lastAccountSyncTimestamp":1763667092}